LANGUAGE,CATEGORY,BIBTEXKEY,AUTHOR,EDITOR,TITLE,YEAR,TITLE_TRANSLATION,PUBLISHER,ADDRESS,PAGES,BOOKTITLE,BOOKTITLE_TRANSLATION,JOURNAL,VOLUME,NUMBER,SCHOOL,NOTE,URL,DOI,ABSTRACT,Aramaic
Ugaritic,article,harris1938,"Harris, Z. S.",,Expression of the Causative in Ugaritic,1938,,,,103-111,,,Journal of the American Oriental Society,58,1,,,,,,
Semitic,article,goetze1942,"Goetze, Albrecht",,The So-Called Intensive of the Semitic Languages,1942,,,,1-8,,,Journal of the American Oriental Society,62,1,,,,https://doi.org/10.2307/594095,,
Semitic,article,kienast1957,"Kienast, B.",,Der Präfixvokal u im Kausativ und im D-Stamm des Semitischen,1957,,,,104-108,,,Münchener Studien zur Sprachwissenschaft,11,,,,,,,
,book,moscatietal1964,"Moscati, S. and von Soden, W. and Ullendorff, E. and Spitaler, A.",,An Introduction to the Comparative Grammar of the Semitic Languages: Phonology and Morphology,1964,,Harrassowitz Verlag,Wiesbaden,,,,,,,,,,,,
Semitic,article,rundgren1966,"Rundgren, F.",,Das Verbalpräfix yu- im Semitischen und die Entstehung der faktitiv-kausativen Bedeutung des D-Stammes,1966,,,,133-143,,,Die Sprache,12,,,,,,,
Hebrew,article,hillers1967,"Hillers, D.R.",,Delocutive verbs in biblical Hebrew,1967,,,,320-324,,,Journal of Biblical Literature,86,3,,,,,,
Hebrew,book,jenni1968,"Jenni, Ernst",,Das hebräische Pi‘el: Syntaktisch-semasiologische Untersuchungen einer Verbalform im Alten Testament,1968,,EVZ-Verl.,Zürich,,,,,,,,,,,,
Semitic,incollection,goshengottstein1969,"Goshen-Gottstein, M. H.",,The System of Verbal Stems in the Classical Semitic Languages,1969,,Jerusalem,Israel Academy of Sciences and Humanities,70-91,"Proceedings of the International Conference on Semitic Studies held in Jerusalem, 19–23 July 1965",,,,,,,,,,
"Hebrew, Aramaic",article,rabin1969,"Rabin, Chaim",,The Nature and Origin of the Šafˁel in Hebrew and Aramaic,1969,,,,148-158,,,Eretz Israel,9,,,in Hebrew,,,,yes
Western Semitic,book,ryder1974,"Ryder, Stuart A.",,The D-Stem in Western Semitic,1974,,Mouton,The Hague,,,,,,,,,,,,
Koranic Arabic,book,leemhuis1977,"Leemhuis, Frederik",,The D and H stems in Koranic Arabic: A Comparative Study of the Function and Meaning of the Faʺala and ʹafʹala Forms in Koranic Usage,1977,,Brill,Leiden,,,,,,,,,,,,
Hebrew,book,berman1978,"Berman, Ruth",,Modern Hebrew structure,1978,,University of Tel Aviv Publishing Projects,Tel Aviv,,,,,,,,,,,,
Semitic,incollection,sasse1980,"Sasse, Hans-Jürgen","Spitaler, A. and Diem, W. and Wild, S.",Ostkuschitische und semitische Verbalklassen,1980,,Otto Harrassowitz Verlag,Wiesbaden,153-174,Studien zur Arabistik und Semitistik: Anton Spitaler zum 70. Geburtstag von seinem Schülern überreicht,,,,,,,,,,
Semitic,article,diem1982,"Diem, Werner",,Die Entwicklung des Derivationsmorphems der t-Stämme im Semitischen,1982,,,,29-84,,,Zeitschrift der Deutschen Morgenländischen Gesellschaft ,132,1,,,,,,
NENA,article,sabar1982,"Sabar, Yona",,The Quadriradical Verb in Eastern Neo-Aramaic Dialects,1982,,,,,,,Journal of Semitic Studies,27,2,,,,,,yes
Hebrew,article,berman1982,"Berman, Ruth",,"Verb-pattern alternation: the interface of morphology, syntax, and semantics in Hebrew child language",1982,,,,169-191,,,Journal of Child Language,9,1,,,10.1017/S030500090000369X,,,
Jewish Amadiya,book,hoberman1989,"Hoberman, Robert D.",,The Syntax and Semantics of Verb Morphology in Modern Aramaic: A Jewish Dialect of Iraqi Kurdistan,1989,,,,226 pp.,,,,,,,,,,,yes
Semitic,book,retso1989,"Retsö, J.",,Diathesis in the Semitic languages: a comparative morphological study,1989,,Brill,Leiden,,,,,,,,,,,,
Ugaritic,book,tropper1990,"Tropper, J.",,Der ugaritische Kausativstamm und die Kausativbildungen des Semitischen : eine morphologisch-semantische Untersuchung zum Š-Stamm und zu den umstrittenen nichtsibilantischen Kausativstämmen des Ugaritischen,1990,,Ugarit-Verlag,Münster,,,,,,,,,,,,
Semitic,incollection,greenberg1991,"Greenberg, J. H.","Kaye, A.S.",The Semitic “intensive” as verbal plurality,1991,,Harrassowitz,Wiesbaden,577-587,"Semitic Studies in honor of Wolf Leslau on the occasion of his eighty-fifth birthday November 14th, 1991",,,,,,,,,,
"Hebrew, Aramaic",incollection,meehan1991,"Meehan, C.","Jongeling, K. and Murre-Van den Berg, H. L. and Van Rompay, L.",Qal/Peˁal as the Passive of Hifˁil/Afˁel in Mishnaic Hebrew and Middle Aramaic,1991,,Brill,Leiden,,Studies in Hebrew and Aramaic Syntax: Presented to Professor J. Hoftijzer on the Occasion of his Sixty-Fifth Birthday,,,,,,,,,,yes
NENA,incollection,hoberman1992,"Hoberman, R. D.","Booij, G., van Marle, J.",Formal Properties of the Conjugations in Modern Aramaic,1992,,Springer,Dordrecht,49-64,Yearbook of Morphology 1991,,,,,,,,https://doi.org/10.1007/978-94-011-2516-1_5,,yes
"Hebrew, Syriac, NENA",book,aronoff1994,"Aronoff, Mark",,Morphology by Itself: Stems and Inflectional Classes,1994,,MIT Press,"Cambridge, Massachusetts",,,,,,,,,,,"Most recent research in generative morphology has avoided the treatment of purely morphological phenomena and has focused instead on interface questions, such as the relation between morphology and syntax or between morphology and phonology. In this monograph Mark Aronoff argues that linguists must consider morphology by itself, not merely as an appendage of syntax and phonology, and that linguistic theory must allow for a separate and autonomous morphological component.Following a general introductory chapter, Aronoff examines two narrow classes of morphological phenomena to make his case: stems and inflectional classes. Concentrating first on Latin verb morphology, he argues that morphological stems are neither syntactic nor phonological units. Next,using data from a number of languages, he underscores the traditional point that the inflectional class of a word is not reducible to its syntactic gender. He then explores in detail the phonologically motivated nominal inflectional class system of two languages of Papua New Guinea (Arapeshand Yimas) and the precise nature of the relation between this system and the corresponding gender system. Finally,drawing on a number of Semitic languages, Aronoff argues that the verb classes of these languages are purely inflectional although they are partly motivated by derivational and syntactic considerations. Mark Aronoff is Professor of Linguistics at the State University of New York at Stony Brook.",
Hebrew,Master’s thesis,morrison1995,"Morrison, Geoffrey Stewart",,Teaching the classical Hebrew stem system: The binyanim,1995,,,,,,,,,,Vancouver School of Theology,,,,,
Hebrew,article,joosten1998,"Joosten, Jan",,The functions of the Semitic D stem: Biblical Hebrew materials for a comparative-historical approach,1998,,,,202-230,,,Orientalia,67,2,,,,,,
Semitic,article,testen1998,"Testen, David",,The derivational role of the Semitic N-stem,1998,,,,127-145,,,Zeitschrift für Assyriologie und vorderasiatische Archäologie,88,1,,,,,,
,book,kienast2001,"Kienast, B.",,Historische semitische Sprachwissenschaft,2001,,Harrassowitz,Wiesbaden,,,,,,,,,,,,
,book,waltisberg2001,"Waltisberg, M.",,Die St-Stämme des Altäthiopischen (LINCOM-Studies in Afro-Asiatic Linguistics 8),2001,,LINCOM,München,,,,,,,,,,,,
Hebrew,article,doron2003,"Doron, Edit",,Agency and Voice: The Semantics of the Semitic Templates,2003,,,,1-67,,,Natural Language Semantics,11,,,,,https://doi.org/10.1023/A:1023021423453,"Semitic templates systematically encode two dimensions of verb meaning: (a) agency, the thematic role of the verb’s external argument, and (b) voice. The assumption that this form-meaning correspondence is mediated by syntax allows the parallel compositional construction of the form and the meaning of a verb from the forms and the meanings of its root and template. The root and its arguments are optionally embedded under a light verb v which introduces the agent (Hale and Keyser 1993; Kratzer 1994). But this is only the unmarked case, which, in Semitic, is encoded by the simple templates. Two dimensions of markedness are introduced by two additional types of syntactic heads: (a) agency heads, which modify agency and are morphologically realized as the intensive and causative templates, and (b) voice heads, which modify voice and are morphologically realized as the passive and middle templates. Causative and middle morphemes are thus accounted for within a unified system, which, first, explains their affinity in language in general (both are found crosslinguistically as markers of transitivity alternations), and which, moreover, sheds new light on problems in the interface of semantics and morphology. One problem is the impossibility, mostly ignored in linguistic theory, of deriving the semantics of middle verbs from that of the corresponding transitive verbs. The second is explaining the identity found crosslinguistically between middle and reflexive morphology. The third is determining the grammatical function of the causee in causative constructions",
Semitic,incollection,ussishkin2003,"Ussishkin, Adam","Lecarme, Jacqueline",Templatic effects as fixed prosody: The verbal system in Semitic,2003,,John Benjamins Publishing Company,,511-530,"Research in Afroasiatic Grammar II: Selected papers from the Fifth Conference on Afroasiatic Languages, Paris, 2000",,,,,,,,https://doi.org/10.1075/cilt.241.23uss,,
Semitic,incollection,batel2003,"Bat-El, Outi","Shimron, Joseph",2. Semitic verb structure within a universal perspective,2003,,John Benjamins Publishing Company,,29-59,"Language Processing and Acquisition in Languages of Semitic, Root-Based, Morphology",,,,,,,,https://doi.org/10.1075/lald.28.02bat,,
Hebrew,book,arad2005,"Arad, Maya",,Roots and Patterns: Hebrew Morpho-syntax,2005,,Springer,Dordrecht,286 pp.,,,,,,,,,https://doi.org/10.1007/1-4020-3244-7,"This book is simultaneously a theoretical study in morphosyntax and an in-depth empirical study of Hebrew. Based on Hebrew data, the book defends the status of the root as a lexical and phonological unit and argues that roots, rather than verbs or nouns, are the primitives of word formation. A central claim made throughout the book is the role of locality in word formation, teasing apart word formation from roots and word formation from existing words syntactically, semantically and phonologically. The book focuses on Hebrew, a language with rich verb morphology, where both roots and noun- and verb-creating morphology are morphologically transparent. The study of Hebrew verbs is based on a corpus of all Hebrew verb-creating roots, offering, for the first time, a survey of the full array of morpho-syntactic forms seen in the Hebrew verb. While the focus of this study is on how roots function in word-formation, a central chapter studies the information encoded by the Hebrew root, arguing for a special kind of open-ended value, bounded within the classes of meaning analyzed by lexical semanticists.",
Classical Hebrew ,article,gzella2009,"Gzella, Holger",,Voice in Classical Hebrew against its Semitic background,2009,,,,292-325,,,Orientalia,78,3,,,,,,
Semitic ,incollection,izreel2009,"Izre’el, Shlomo","Goldenberg, Gideon and Shisha-Halevy, Ariel",Constructive constructions: Semitic verbal morphology and beyond,2009,,The Israel Academy of Sciences and Humanities,Jerusalem,106-130,"Egyptian, Semitic and General Grammar (Workshop in Memory of H.J. Polotsky)",,,,,,,,,,
Qumran Aramaic,article,cook2010,"Cook, E. M.",,The Causative Internal Passive in Qumran Aramaic,2010,,,,5-12,,,Aramaic Studies,8,1-2,,,,https://doi.org/10.1163/147783510X571551,"Although the prevailing vocalism of the Aramaic causative internal passive is thought to be ‘Hophal’, there is some evidence for an alternative vocalism with short /a/ in the first syllable, therefore ‘Haphal’. The orthographic renderings of the causative passive in Qumran Aramaic suggest that the vocalism in that dialect was throughout ‘Haphal’. Although it is tempting to hypothesize that ‘Haphal’ was in fact the normal vocalism of the stem in all ancient Aramaic, it is possible that ‘Hophal’ was also used in some dialects. Finally, it is suggested that the vocalism of the ‘Ittaphal’ stem is based on the ‘Haphal’.",yes
Akkadian,book,kouwenberg2010,"Kouwenberg, Norbertus J. C.",,The Akkadian Verb and Its Semitic Background,2010,,Eisenbrauns,Winona Lake,688 pp.,,,,,,,,https://www.jstor.org/stable/10.5325/j.ctv1bxh2bd,https://doi.org/10.1515/9781575066240,,
,article,multhoff2010,"Multhoff, Anne",,TFˁL/FTˁL – Die verbalen T-Stämme im Altsüdarabischen,2010,,,,19-69,,,Folia Orientalia,47,,,,,,,
Classical Syriac,book,farina2011,"Farina, Margherita",,An Outline of Middle Voice in Syriac: Evidences of a linguistic category,2011,,Gorgias Press,,197 pp.,,,,,,,,,,"The book describes the results of a research over the semantic value and the functions of the Syriac verbal prefix et- and of the et- conjugations. A relevant portion of Syriac verbal syntax and semantics is studied in the light of modern linguistic theories. The author proposes a unified account of the different values that are traditionally attributed to the Syriac et-stems, which are studied as being part of a system of interactions of different syntactical and semantic parameters. These parameters are related to the linguistic category of unaccusativity, which has proven cross-linguistically to be a prominent feature of middle conjugations. The system includes also inner passive participles and pronominal reflexives that are considered both in their opposition and in their contiguity to the et- stems. Such account descends from a detailed analysis of a number of early Syriac texts, based on the interaction of different parameters, such as voice, aspect, aktionsart and a study of the phenomenon of coreferential dative. The latter is examined with special focus on its combination with the et- stems, in the light of modern theories over the syntax-semantics interface. The Syriac data are set into a broader typological comparative frame, and the study partly follows the path traced by Kemmer’s capital work on middle voice, offering also new material for general linguistic research.",yes
Arabic,misc,tucker2011,"Tucker, Matthew A.",,The Morphosyntax of the Arabic Verb: Toward a Unified Syntax-Prosody,2011,,,,,,,UC Santa Cruz: Festschrifts,,,,,https://escholarship.org/uc/item/0wx0s7qw,,"This paper proposes a unified model of the morphosyntax and morphophonology of the Modern Standard Arabic verbal system which attempts to preserve the empirical and analytical observations from recent Optimality-Theoretic approaches to templates in Semitic (Ussishkin 1999, 2000, 2005) as well as the observations from Distributed Morphology concerning argument structure and morphemic composition (Arad 2003, 2005). In doing so, a clausal syntax for Arabic is proposed which does not crucially rely on an Agr(eement) Projection as a landing site for subject movement. This is done using arguments from VP-adverb placement, negative clitic placement, and word order in perfective periphrastic verbal constructions in order to motivate the syntactic structure. This structure is then shown to pose a problem for modern theories of morphological linearization (Pak 2008; Embick 2010). Finally, the linearization problem is resolved by appealing to prosody as the mechanism for linearization, following recent proposals in morphophonology (Kramer 2007, Tucker 2011b). This move is motivated by data from Arabic Hollow Verbs which confirm the predictions the model makes with respect to allomorphic sensitivity of morphemes to each other over nonconcatenative (and therefore nonadjacent) distances. Finally, the implications of these findings for morphological and syntactic theory are discussed.",
Semitic,incollection,gensler2012,"Gensler, Orin","Weninger, Stefan",10. Morphological Typology of Semitic,2012,,De Gruyter Mouton,"Berlin, Boston",279-302,The Semitic Languages: An International Handbook,,,,,,,,https://doi.org/10.1515/9783110251586.279,"Focusing on the old Semitic languages, though also with some attention to (eastern) Neoaramaic, Arabic dialects, and modern Ethiosemitic, this article describes the morphological typology of Semitic, with some diachronic notes. It begins with a catalogue of the many remarkable morphological features found in Semitic, then proceeds to a discussion of the formal techniques used in Semitic morphology. The pronominal person-gendernumber (pgn) paradigms are presented and analyzed next, followed by discussion of the morphological categories of nouns and of verbs, and concluding with issues of word complexity, degree of synthesis and fusion, and syntagmatic ordering of morphemes. Particular attention is devoted to several highly characteristic features of Semitic morphology: root-and-pattern morphology, the binyan system of derived verb stems, broken plurals, the manner of forming tense-aspect morphology, and the special Construct form which marks the head noun in genitive embeddings.",
Hebrew,article,faust2012,"Faust, Noam",,Non-concatenative realization in the verbal inflection of Modern Hebrew ,2012,,,,,,,Morphology,22,,,,,10.1007/s11525-012-9206-0,,
,book,monferrersalawatson2013,"Monferrer-Sala, J.P. and Watson, W. ",,Archaism and innovation in the Semitic languages,2013,,Oriens Academic,Cordoba,,,,,,,,,,,,
Semitic,incollection,bjoru2014,"Bjøru, Øyvind","Edzard, Lutz and Huehnergard, John",Transitivity and the Binyanim,2014,,Harrassowitz Verlag,Wiesbaden,48-63,"Proceedings of the Oslo–Austin Workshop in Semitic Linguistics. Oslo, May 23 and 24, 2013",,,,,,,,,"The system of stem derivation is an intricate piece of the verbal complex in Semitic grammar. In descriptions of the various languages, the verbal stems are often defined by means of lists of functions they can carry out, perhaps individuating one core function on which others are variations, or an original function from which others are derivations. In this paper, I will look at features that might unite disparate functions attributed to a stem by applying insights from transitivity research on the Semitic data. More specifically, I will present a model of semantic transitivity, link it to the Semitic binyanim, and use it to explore the Biblical Hebrew N-stem, the Arabic tD-stem, and the Amharic Tstem. The focus will be on detransitivizing binyanim, as they seem more unified in the stages of Semitic available to us than the transitivizing D-and Cstems, therefore yielding clearer results in an initial investigation like this.",
West Semitic,article,aljallad2015,"Al-Jallad, Ahmad",,"Yusapʿil or Yuhapʿil, that is the Question. Two Solutions to Sound Change *s1 > h in West Semitic",2015,,,,27-39,,,Zeitschrift der Deutschen Morgenländischen Gesellschaft,165,1,,,,https://doi.org/10.13173/zeitdeutmorggese.165.1.0027,"This paper argues that the West Semitic sound change *s1 > h was a conditioned sound change, occurring at word boundaries. Two conditioning environments are proposed, along with several analogical developments to explain its non-operation in not only verbs but isolated nouns as well.",
NENA,incollection,goransson2015,"Göransson, Kathrin","Napiorkowska, Lidia",Causative-Inchoative Alternation In Northeastern Neo-Aramaic,2015,,Gorgias Press,Piscataway,207-231,Neo-Aramaic and its Linguistic Context,,,,,,,,https://doi.org/10.31826/9781463236489-014,,yes
NENA,article,kalin2016,"Kalin, Laura",,The morphosyntax of aspect stacking in Northeastern Neo-Aramaic,2016,,,,1-36,,,Glossa: a journal of general linguistics,1(1),49,,,,http://dx.doi.org/10.5334/gjgl.200,,yes
Aramaic,article,butts2018,"Butts, Aaron Michael",,The Aramaic Šap̄ˁel in Its Semitic Context,2018,,,,117-143,,,Aramaic Studies,16,2,,,,https://doi.org/10.1163/17455227-01602005,"In Aramaic, the productive causative (= C) stem can be reconstructed as *hapˁil- (suffix-conjugation) ~ *yVhapˁil- (prefix-conjugation) with *h as the causative morpheme. There are, however, also traces in Aramaic of what seems to be a non-productive C-stem in which the causative morpheme is š (< Proto-Semitic *s1). This šap̄ˁel, as it is called, was traditionally thought to result from contact with Akkadian, which has a productive C-stem with a causative morpheme š (< *s1), i.e., šaprus (stative) ~ ušapris (preterite). Nevertheless, Rabin convincingly argued, against the traditional interpretation, that many šap̄ˁel forms in Aramaic cannot be loanwords from Akkadian. Different suggestions have been made to explain the Aramaic šap̄ˁel forms that are not loanwords from Akkadian. In this article, I propose an additional option: some Aramaic šap̄ˁel forms are, I argue, backformations from *ˀištapˁal- (suffix-conjugation) ~ *yištapˁal- (prefix-conjugation), which I reconstruct as the Proto-Aramaic CT-stem inherited from Proto-Semitic.",yes
Turoyo ,incollection,kalin2018,"Kalin, Laura","Kalin, L. and Paul, I. and Klok, J. V. and Gentile, F. and Lamontagne, J.",Complex verbs and wordhood in Turoyo (Neo-Aramaic),2018,,McGill,Montreal,191-203,Working Papers in Linguistics: Vol. 25(1). Heading in the right direction: Linguistic treats for Lisa Travis,,,,,,,,,,yes
,article,kastner2019,"Kastner, Itamar",,Templatic morphology as an emergent property,2019,,,,571-619 ,,,Natural Language & Linguistic Theory,37,,,,,https://doi.org/10.1007/s11049-018-9419-y,,
Soqotri,article,naumkinetal2019,"Naumkin, V. and Bulakh, M. and Cherkashin, D. and Kogan, L. and Issa, A. and Gumaan, I. and Mohammed, M.",,Studies in the Verbal Morphology of Soqotri III/1: The Second Stem,2019,,,,61-93,,,Zeitschrift für Arabische Linguistik,69,,,,,https://doi.org/10.13173/zeitarabling.69.0061,,
Turoyo ,article,kalin2020,"Kalin, Laura",,Morphology before phonology: A case study of Turoyo (Neo-Aramaic),2020,,,,135-184,,,Morphology,30,,,,,https://doi.org/10.1007/s11525-020-09365-3,"Some models of the morphology-phonology interface take (certain aspects of) morphology and phonology to be computed in the same component of the grammar, simultaneously, including many instantiations of Optimality Theory (McCarthy and Prince 1993a,b, Kager 1996, Hyman and Inkelas 1997, Mascaró 2007, Wolf 2008, i.a.). On the other hand are models that separate morphology from phonology, including Distributed Morphology (Halle and Marantz 1993, 1994) and related models (e.g., Trommer 2001, Bye and Svenonius 2012, Dawson 2017, Rolle 2020), as well as “subcategorization”-based approaches (Paster 2006, 2009, Yu 2007, i.a.). I undertake a careful study of the order of operations needed to derive the form of finite verbs in the Neo-Aramaic language Turoyo (Jastrow 1993). Two morphophonological phenomena found in Turoyo verbs provide evidence for a separation of morphology from phonology: (i) phonologically-conditioned suppletive allomorphy that is anti-optimizing and surface opaque (reaffirming the findings of Paster 2006); and (ii) phonological displacement of an affix (à la infixation) that is also anti-optimizing and surface opaque, and even more surprisingly, counterbleeds morphological operations in the verbal complex but feeds/bleeds phonological ones. The main conclusion from Turoyo is that exponent choice precedes, and is oblivious to, the regular phonology of the language and considerations of phonological optimization. Turoyo also provides a more general window into a number of issues at the morphology-phonology interface, including cyclicity, the timing of infixation, and constraints on allomorphy.",yes
Hebrew,book,kastner2020,"Kastner, Itamar",,"Voice at the interfaces: The syntax, semantics, and morphology of the Hebrew verb",2020,,Language Science Press,Berlin,,,,,,,,,,,"This books presents the most comprehensive description and analysis to date of Hebrew morphology, with an emphasis on the verbal templates. Its aim is to develop a theory of argument structure alternations which is anchored in the syntax but has systematic interfaces with the phonology and the semantics. Concretely, the monograph argues for a specific formal system centered around possible values of the head Voice. The formal assumptions are as similar as possible to those made in work on non-Semitic languages. The first part of the book (four chapters) is devoted to Hebrew; the second part (two chapters) compares the current theory with other approaches to Voice and argument structure in the recent literature.",
Soqotri,article,bulakhetal2020,"Bulakh, Maria and Kogan, L. and Issa, A. and Gumaan, I. and Mohammed, M.",,The causative stem in Soqotri: The analysis,2020,,,,260-285,,,Brill’s Journal of Afroasiatic Languages and Linguistics,12,2,,,,https://doi.org/10.1163/18776930-01202003,"Soqotri is an understudied Semitic language belonging to the Modern South Arabian branch and spoken by the approximately 100,000 inhabitants of the island of Soqotra. The present contribution offers an exhaustive description of the so-called causative stem in Soqotri (a cognate of the Arabic stem IV) based on the analysis of the data in the two recently published volumes of the Soqotri oral literature as well as the fieldwork notes of the authors.",
MWA,incollection,fassberg2021,"Fassberg, Steven E.","Khan, Geoffrey and Noorlander, Paul M.",On the Afel Stem in Western Neo-Aramaic,2021,,Open Book Publishers,Cambridge,287-300,Studies in the Grammar and Lexicon of Neo-Aramaic,,,,,,,https://books.openbookpublishers.com/10.11647/obp.0209/ch8.xhtml, https://doi.org/10.11647/OBP.0209.08,,yes
Soqotri,article,bulakhetal2021,"Bulakh, Maria and Kogan, L. and Issa, A. and Gumaan, I. and Mohammed, M.",,The Causative Stem in Soqotri: The data,2021,,,,239-287,,,Brill’s Journal of Afroasiatic Languages and Linguistics,13,2,,,,10.1163/18776930-01302002,,
Pre-modern Aramaic,article,kalininloesov2022,"Kalinin, M. and Loesov, S.",,History of the Passive in Pre-modern Aramaic: An Outline,2022,,,,471-516,,,Journal of Semitic Studies,67,2,,,,,"In Proto-Aramaic, the passive of transitive verbs belonging to all three principal stems—G, D and C—was formed internally. Some verbs of the G- and D-stems also possessed detransitive derivatives. Transitive verbs of the G-, D- and C-stems lost their internal passives early on, and the passives of G- and D-verbs were encoded by their respective t-stems. Against this general Aramaic picture, in Imperial Aramaic the passive forms of the G-stem were in complementary distribution: the passive Past was encoded by the internal passive of the Suffix Conjugation (Gp SC), while the passive non-Past was rendered by the Gt participle and the Gt Prefix Conjugation. Gp SC stopped being used with Imperial Aramaic once it was replaced, as a written language, by vernacular-based literary varieties. The Ct-stem, non-existent in Imperial Aramaic, must have first emerged among spoken varieties of Aramaic in the first half of the first millennium BCE, and only within I-w and II-w/y roots. Within the Imperial Aramaic corpus, both the rare Gt SC passive forms and Ct-stem forms reflect the influence of spoken Aramaic varieties in the diglossic situation. In Syriac, the Ct-stem of sound roots is unattested during its golden age. The Ct-forms of sound roots appeared in original Syriac texts only after the Arab conquest, and these also come from spoken Aramaic varieties.",yes
,article,hewett2023,"Hewett, Matthew",,Verbal Templates Can Influence L-Selection In Semitic,2023,,,,1-26,,,Linguistic Inquiry,,,,,,10.1162/ling_a_00516,,
Turoyo,phdthesis,kuzin2024,"Kuzin, Nikita",,Voice and valency change in the Neo-Aramaic language Ṭuroyo,2024,,,Berlin,,,,,,,Freie Universität,,,,,yes
Turoyo ,incollection,kuzin2024labile,"Kuzin, Nikita","Olivieri, Simona and Talay, Shabo",Labile verbs in Ṭuroyo: Marginal phenomenon or structured innovation,2024,,Harrassowitz Verlag,Wiesbaden,115-132,Current Research in Semitic Studies. Proceedings of the Semitic Studies Section at the 34th DOT at Freie Universität Berlin,,,,,,,,,,yes
Semitic,article,mellison2024,"Mellison, John",,A Morphological Reconstruction of T-Stems in Proto-Semitic ,2024,,,,,,,Journal of Semitic Studies,69,,,,,10.1093/jss/fgae016,"A central morphological feature of Semitic languages is the so-called ‘t-stems’ associated with the G, D and C stems. These forms attach a /t/ to the verbal root and often convey reflexive, reciprocal, or mediopassive action. The Semitic languages attest a puzzling mix of prefixed and infixed t-stem forms, and thus it has been challenging to reconstruct the original Proto-Semitic (PS) structure. The general consensus is that PS prefixed the /t/ to the root and the daughter languages underwent a series of complex phonological changes. This study argues that the /t/ was infixed in the G-stem and prefixed in the D-stem in PS. This reconstruction easily accounts for the variety of forms attested in the Semitic languages and only requires paradigm levelling in one stem to account for the attested variety. I argue this by raising problems with the consensus view and presenting inscriptional evidence of systemwide levelling in Northwest Semitic.",
Soqotri,book,bulakh2024,"Bulakh, Maria",,The T-Stems in Soqotri: A Contribution to Semitic Detransitivising Derivation,2024,,Brill,Leiden / Boston,,,,,,,,,,,,
"NENA, Modern Hebrew",incollection,napiorkowska2025,"Napiorkowska, Lidia","Hornkohl, Aaron D. and Vidro, Nadia and Watson, Janet C. E. and Coghill, Eleanor and Connolly, Magdalen M. and Outhwaite, Benjamin M.",Relating Morphological and Sociolinguistic Variety in Modern Hebrew to Neo-Aramaic,2025,,,,823-854,"Interconnected Traditions: Semitic Languages, Literatures, Cultures—A Festschrift for Geoffrey Khan. Volume 2: The Medieval World, Judaeo-Arabic, and Neo-Aramaic",,,,,,,,https://doi.org/10.11647/obp.0464.28,"The article compares spoken Modern Hebrew and North-Eastern Neo-Aramaic dialects, highlighting parallels in verbal morphology and sociolinguistic diversity. Both languages exhibit variation influenced by geographic, social, and pragmatic factors. Neo-Aramaic, shaped by contact with regional languages, displays dialectal distinctions between rural and urban communities, often aligning with religious affiliation. Modern Hebrew, revived as a vernacular in the nineteenth century, shows variation driven by register, fluency, and context. The study analyses specific morphological shifts, such as the merging of verbal classes and the loss of gutturals, observing typological similarities in their evolution as modern spoken Semitic languages. These developments reflect shared trends in phonological simplification and morphosyntactic reorganisation, while preserving elements of their Semitic roots.",yes
Arabic,book,tsukanova2025,"Tsukanova, Vera",,The evolution of the derivational verbal system in Arabic,2025,,Harrassowitz Verlag,Wiesbaden,303 pp.,,,,,,,,https://www.harrassowitz-verlag.de/title_8444.ahtml,,"The evolution of the derivational verbal system in Arabic by Vera Tsukanova explores the development of derived verb stems in Arabic over different periods, from pre-Islamic North Arabic to modern dialects. This comprehensive work combines diachronic and comparative methods, contributing to both linguistic history and dialectology of Arabic. Tsukanova defines the typological parameters necessary to describe Arabic verbal derivation and, based on these, systematically examines the morphology, semantics, and productivity of verb stems, analyzing inherited and innovative forms, as well as the impact of language and dialectal contact. The two main chapters address the historical development of verb stems in pre-classical to classical and Modern Standard Arabic and their evolution in contemporary Arabic dialects respectively. The four dialect groups, Levantine, Egyptian-Sudanese, Tunisian and Ḥassāniya, are selected for the in-depth semantic analysis, whereas other dialects are briefly described, focussing on their formal features. The main findings of the book are summarized in numerous tables and diagrams. Tsukanova uses statistical analysis of verb stems across various dictionaries in order to draw conclusions about changes in productivity. The work is recommended for specialists in Semitic linguistics, Arabic dialectology and linguistic typology and can be used in university courses on the theoretical and historical grammar of Arabic.",
"Akkadian, Modern South Arabian",article,inglesegasparini2026,"Inglese, Guglielmo and Gasparini, Fabio",,Basic valency in Akkadian and Modern South Arabian languages: A comparative outlook,2026,,,,240-286,,,Brill’s Journal of Afroasiatic Languages and Linguistics,18,1,,,,https://doi.org/10.1163/18776930-01801001,,